City_ID,City,Lat,Lng,Max Temp,Humidity,Cloudiness,Wind Speed,Country,Date,Current Description
0,Vaini,-21.2,-175.2,86.16,74,40,5.75,TO,2022-02-03 04:22:51,scattered clouds
1,Ryotsu,38.0833,138.4333,37.36,76,100,10.31,JP,2022-02-03 04:24:25,overcast clouds
2,Zwedru,6.0667,-8.1281,68.68,99,41,2.24,LR,2022-02-03 04:24:26,scattered clouds
3,Hastings,50.8552,0.5729,48.0,88,100,15.37,GB,2022-02-03 04:24:26,overcast clouds
4,Busselton,-33.65,115.3333,90.05,31,87,8.79,AU,2022-02-03 04:24:26,overcast clouds
5,Rio Gallegos,-51.6226,-69.2181,42.85,87,20,1.14,AR,2022-02-03 04:24:27,few clouds
6,Korla,41.7597,86.1469,27.28,43,54,5.7,CN,2022-02-03 04:24:27,broken clouds
7,Kavaratti,10.5669,72.642,79.93,70,12,8.08,IN,2022-02-03 04:24:27,very heavy rain
8,Ushuaia,-54.8,-68.3,42.46,56,75,17.27,AR,2022-02-03 04:22:03,broken clouds
9,Puerto Ayora,-0.7393,-90.3518,74.55,93,1,3.0,EC,2022-02-03 04:22:53,clear sky
10,Port Alfred,-33.5906,26.891,73.04,91,90,12.35,ZA,2022-02-03 04:24:28,overcast clouds
11,Isangel,-19.55,169.2667,69.91,100,75,5.75,VU,2022-02-03 04:15:55,broken clouds
12,Northam,51.0333,-4.2167,46.02,97,100,8.86,GB,2022-02-03 04:24:28,overcast clouds
13,Punta Arenas,-53.15,-70.9167,42.91,70,40,3.44,CL,2022-02-03 04:19:55,scattered clouds
14,Nata,8.3333,-80.5167,72.59,77,28,5.88,PA,2022-02-03 04:24:29,scattered clouds
15,Labuan,5.2767,115.2417,87.12,70,20,5.75,MY,2022-02-03 04:24:29,few clouds
16,Havre-Saint-Pierre,50.2334,-63.5986,28.99,93,100,11.5,CA,2022-02-03 04:24:29,overcast clouds
17,Kamskoye Ustye,55.2016,49.268,24.8,98,100,6.71,RU,2022-02-03 04:24:30,snow
18,Mehamn,71.0357,27.8492,15.75,86,0,10.36,NO,2022-02-03 04:24:30,clear sky
19,Yellowknife,62.456,-114.3525,-29.7,80,20,6.91,CA,2022-02-03 04:22:53,few clouds
20,Anadyr,64.75,177.4833,14.5,73,0,33.55,RU,2022-02-03 04:24:31,clear sky
21,Shimoda,34.6667,138.95,52.16,49,92,24.72,JP,2022-02-03 04:24:31,overcast clouds
22,San Cristobal,7.7669,-72.225,69.98,61,8,1.54,VE,2022-02-03 04:24:31,clear sky
23,Hithadhoo,-0.6,73.0833,81.59,70,6,4.07,MV,2022-02-03 04:24:31,very heavy rain
24,Hobart,-42.8794,147.3294,64.26,55,75,21.85,AU,2022-02-03 04:21:58,broken clouds
25,Duverge,18.3784,-71.5247,70.9,88,5,0.25,DO,2022-02-03 04:24:32,clear sky
26,Victoria,22.2855,114.1577,60.24,83,100,3.0,HK,2022-02-03 04:21:58,light rain
27,Indramayu,-6.3264,108.32,83.62,72,95,9.8,ID,2022-02-03 04:24:32,light rain
28,Catamarca,-28.4696,-65.7852,78.78,68,12,2.46,AR,2022-02-03 04:24:33,few clouds
29,Olafsvik,64.8945,-23.7142,28.42,52,18,2.73,IS,2022-02-03 04:24:33,few clouds
30,Oksfjord,70.2396,22.3479,16.72,91,100,10.47,NO,2022-02-03 04:24:33,overcast clouds
31,Taltal,-25.4,-70.4833,67.32,75,0,2.8,CL,2022-02-03 04:24:33,clear sky
32,Hilo,19.7297,-155.09,73.4,79,100,4.61,US,2022-02-03 04:22:55,overcast clouds
33,Zhigansk,66.7697,123.3711,-15.32,98,97,6.96,RU,2022-02-03 04:24:34,overcast clouds
34,Ilulissat,69.2167,-51.1,-0.38,50,20,20.71,GL,2022-02-03 04:24:34,few clouds
35,Chokurdakh,70.6333,147.9167,-23.35,98,68,6.58,RU,2022-02-03 04:24:34,broken clouds
36,Khatanga,71.9667,102.5,-35.3,99,33,1.36,RU,2022-02-03 04:20:41,scattered clouds
37,Jamestown,42.097,-79.2353,38.52,68,100,1.01,US,2022-02-03 04:19:31,light rain
38,Murgab,37.4966,61.9714,37.27,75,0,6.91,TM,2022-02-03 04:24:35,clear sky
39,Catuday,16.2923,119.8062,82.06,60,5,6.04,PH,2022-02-03 04:24:35,clear sky
40,Saint George,37.1041,-113.5841,36.63,24,0,1.99,US,2022-02-03 04:24:35,clear sky
41,Avarua,-21.2078,-159.775,82.45,78,40,16.11,CK,2022-02-03 04:24:36,scattered clouds
42,Barrow,71.2906,-156.7887,-20.18,63,75,0.0,US,2022-02-03 04:24:36,broken clouds
43,Challans,46.8436,-1.8749,44.28,91,89,1.48,FR,2022-02-03 04:24:36,overcast clouds
44,Kodiak,57.79,-152.4072,38.71,87,100,10.36,US,2022-02-03 04:24:37,mist
45,San Patricio,28.017,-97.5169,71.69,84,100,4.25,US,2022-02-03 04:24:37,overcast clouds
46,Buta,2.7858,24.73,72.9,59,100,0.54,CD,2022-02-03 04:21:59,overcast clouds
47,Tokmak,47.2514,35.7058,32.97,100,100,5.26,UA,2022-02-03 04:25:38,snow
48,Mahebourg,-20.4081,57.7,80.89,89,75,27.63,MU,2022-02-03 04:25:38,shower rain
49,Henties Bay,-22.116,14.2845,65.86,85,1,4.94,NA,2022-02-03 04:25:38,clear sky
50,Severo-Kurilsk,50.6789,156.125,30.72,77,100,9.84,RU,2022-02-03 04:25:39,overcast clouds
51,Port Hawkesbury,45.6169,-61.3485,35.19,89,100,7.0,CA,2022-02-03 04:25:39,overcast clouds
52,Te Anau,-45.4167,167.7167,61.61,73,100,4.38,NZ,2022-02-03 04:25:39,overcast clouds
53,Georgetown,5.4112,100.3354,91.33,74,40,3.44,MY,2022-02-03 04:24:43,heavy intensity rain
54,Zelenoborskiy,66.845,32.3622,7.38,96,99,5.48,RU,2022-02-03 04:25:40,overcast clouds
55,Bikin,46.8161,134.26,6.82,77,88,6.6,RU,2022-02-03 04:25:40,overcast clouds
56,Cherskiy,68.75,161.3,-19.46,82,82,2.98,RU,2022-02-03 04:25:40,broken clouds
57,East London,-33.0153,27.9116,70.74,100,100,8.05,ZA,2022-02-03 04:25:40,drizzle
58,Cabedelo,-6.9811,-34.8339,79.47,78,73,10.67,BR,2022-02-03 04:24:30,broken clouds
59,Srandakan,-7.9386,110.2506,87.39,57,34,6.51,ID,2022-02-03 04:25:41,light rain
60,Rikitea,-23.1203,-134.9692,77.94,76,66,10.22,PF,2022-02-03 04:22:57,light rain
61,Mataura,-46.1927,168.8643,57.47,68,100,5.19,NZ,2022-02-03 04:23:00,overcast clouds
62,Inhambane,-23.865,35.3833,76.1,83,15,1.12,MZ,2022-02-03 04:25:41,few clouds
63,Kande,9.9578,1.0447,66.52,12,50,4.05,TG,2022-02-03 04:25:42,scattered clouds
64,Japura,-0.3167,102.35,85.53,67,90,3.09,ID,2022-02-03 04:25:42,heavy intensity rain
65,Albany,42.6001,-73.9662,44.55,82,100,3.31,US,2022-02-03 04:22:53,overcast clouds
66,Raudeberg,61.9875,5.1352,35.87,74,100,3.0,NO,2022-02-03 04:24:41,light rain
67,Huesca,42.1362,-0.4087,39.79,100,0,0.0,ES,2022-02-03 04:25:01,clear sky
68,Port Elizabeth,-33.918,25.5701,71.1,88,75,12.66,ZA,2022-02-03 04:25:42,broken clouds
69,Atuona,-9.8,-139.0333,78.71,75,100,17.58,PF,2022-02-03 04:22:55,overcast clouds
70,Kapaa,22.0752,-159.319,78.78,72,100,4.61,US,2022-02-03 04:22:58,overcast clouds
71,Mar Del Plata,-38.0023,-57.5575,72.09,87,100,3.0,AR,2022-02-03 04:25:43,heavy intensity rain
72,Upata,8.0086,-62.3989,74.19,88,24,6.73,VE,2022-02-03 04:25:43,few clouds
73,Clyde River,70.4692,-68.5914,-16.37,76,100,17.27,CA,2022-02-03 04:19:13,light snow
74,Hermanus,-34.4187,19.2345,65.89,81,0,14.25,ZA,2022-02-03 04:25:44,clear sky
75,Saskylakh,71.9167,114.0833,-32.39,100,17,2.42,RU,2022-02-03 04:23:04,few clouds
76,Bambous Virieux,-20.3428,57.7575,80.85,89,75,27.63,MU,2022-02-03 04:25:44,shower rain
77,Rio Grande,-32.035,-52.0986,75.31,82,3,16.35,BR,2022-02-03 04:25:44,clear sky
78,Itarema,-2.9248,-39.9167,78.75,80,100,9.89,BR,2022-02-03 04:23:18,overcast clouds
79,Hambantota,6.1241,81.1185,84.54,65,20,6.91,LK,2022-02-03 04:25:45,very heavy rain
80,Cape Town,-33.9258,18.4232,66.11,88,40,8.05,ZA,2022-02-03 04:20:05,scattered clouds
81,Bluff,-46.6,168.3333,57.79,61,100,17.05,NZ,2022-02-03 04:25:45,overcast clouds
82,Bengkulu,-3.8004,102.2655,83.35,70,70,6.33,ID,2022-02-03 04:25:46,heavy intensity rain
83,Xining,36.6167,101.7667,21.42,41,2,2.73,CN,2022-02-03 04:25:46,clear sky
84,Temirtau,50.0544,72.9483,-0.15,91,100,1.28,KZ,2022-02-03 04:25:46,overcast clouds
85,Cidreira,-30.1811,-50.2056,75.58,88,6,20.96,BR,2022-02-03 04:25:46,clear sky
86,Chippenham,51.46,-2.1247,46.96,85,100,6.98,GB,2022-02-03 04:25:47,overcast clouds
87,Banagher,53.1886,-7.9867,46.56,96,57,8.75,IE,2022-02-03 04:25:47,broken clouds
88,Kieta,-6.2167,155.6333,80.06,87,100,10.47,PG,2022-02-03 04:25:47,moderate rain
89,New Norfolk,-42.7826,147.0587,63.9,62,91,3.0,AU,2022-02-03 04:25:48,overcast clouds
90,Mount Pleasant,32.7941,-79.8626,60.19,96,100,1.01,US,2022-02-03 04:25:48,mist
91,Qui Nhon,13.7667,109.2333,77.25,77,76,13.67,VN,2022-02-03 04:25:48,light rain
92,Sao Jose Da Coroa Grande,-8.8978,-35.1478,78.62,78,48,6.87,BR,2022-02-03 04:25:49,scattered clouds
93,Salina,38.8403,-97.6114,16.18,48,100,18.41,US,2022-02-03 04:23:48,overcast clouds
94,Bud,39.447,-86.1758,30.4,95,100,14.18,US,2022-02-03 04:26:49,snow
95,Wielun,51.221,18.5696,31.89,81,100,9.6,PL,2022-02-03 04:26:49,overcast clouds
96,Upernavik,72.7868,-56.1549,-8.37,64,100,6.49,GL,2022-02-03 04:22:57,overcast clouds
97,Cockburn Town,21.4612,-71.1419,72.3,83,100,17.87,TC,2022-02-03 04:26:50,overcast clouds
98,Edson,53.5835,-116.4356,-3.86,84,100,2.3,CA,2022-02-03 04:26:50,overcast clouds
99,Maceio,-9.6658,-35.7353,78.24,88,40,0.0,BR,2022-02-03 04:26:51,scattered clouds
100,Salta,-24.7859,-65.4117,70.09,85,75,0.0,AR,2022-02-03 04:26:51,broken clouds
101,Thompson,55.7435,-97.8558,-14.64,70,0,11.5,CA,2022-02-03 04:22:52,clear sky
102,Gaspe,48.8334,-64.4819,34.02,75,100,0.0,CA,2022-02-03 04:26:51,overcast clouds
103,Maragogi,-9.0122,-35.2225,78.22,78,35,6.4,BR,2022-02-03 04:26:52,scattered clouds
104,Wad Rawah,15.1603,33.1397,69.13,16,85,8.52,SD,2022-02-03 04:26:52,overcast clouds
105,Canaries,28.0,-15.5,61.39,64,0,12.66,ES,2022-02-03 04:26:52,clear sky
106,Maralal,1.0968,36.698,58.93,72,100,3.98,KE,2022-02-03 04:26:53,overcast clouds
107,Vardo,70.3705,31.1107,29.59,56,100,17.96,NO,2022-02-03 04:26:53,light snow
108,Alofi,-19.0595,-169.9187,78.69,83,89,6.91,NU,2022-02-03 04:26:53,overcast clouds
109,Fukue,32.6881,128.8419,46.76,53,75,17.27,JP,2022-02-03 04:26:54,broken clouds
110,Beyneu,45.3167,55.2,34.25,84,100,14.92,KZ,2022-02-03 04:26:54,overcast clouds
111,Gouyave,12.1646,-61.7296,77.77,78,20,23.02,GD,2022-02-03 04:26:54,few clouds
112,Nikolskoye,59.7035,30.7861,17.49,100,95,1.1,RU,2022-02-03 04:26:54,light snow
113,Tautira,-17.7333,-149.15,86.02,79,31,23.55,PF,2022-02-03 04:26:55,scattered clouds
114,Road Town,18.4167,-64.6167,75.99,75,3,16.08,VG,2022-02-03 04:26:55,clear sky
115,Hamilton,39.1834,-84.5333,47.25,95,100,8.99,US,2022-02-03 04:26:56,moderate rain
116,Kavieng,-2.5744,150.7967,80.1,79,100,13.87,PG,2022-02-03 04:26:56,overcast clouds
117,Vila Franca Do Campo,37.7167,-25.4333,60.19,76,62,8.99,PT,2022-02-03 04:26:56,broken clouds
118,Luwuk,-0.9516,122.7875,87.58,60,99,2.08,ID,2022-02-03 04:26:57,overcast clouds
119,Itoman,26.1247,127.6694,66.22,96,75,20.71,JP,2022-02-03 04:26:57,broken clouds
120,Caravelas,-17.7125,-39.2481,75.02,91,17,3.38,BR,2022-02-03 04:26:57,few clouds
121,San Juan,-31.5375,-68.5364,79.3,41,97,5.84,AR,2022-02-03 04:26:58,light rain
122,Denpasar,-8.65,115.2167,87.46,70,20,11.5,ID,2022-02-03 04:26:58,few clouds
123,Qaanaaq,77.484,-69.3632,-10.25,81,100,6.62,GL,2022-02-03 04:22:59,overcast clouds
124,La Primavera,5.4906,-70.4092,81.99,48,63,7.45,CO,2022-02-03 04:26:58,broken clouds
125,Boa Vista,2.8197,-60.6733,80.58,65,40,8.05,BR,2022-02-03 04:26:59,scattered clouds
126,Ponta Do Sol,32.6667,-17.1,67.71,78,99,9.69,PT,2022-02-03 04:23:03,overcast clouds
127,Esso,55.9333,158.7,16.9,94,95,3.02,RU,2022-02-03 04:26:59,overcast clouds
128,Cherepovets,59.1333,37.9,21.02,86,75,4.47,RU,2022-02-03 04:27:00,broken clouds
129,Yulara,-25.2406,130.9889,75.04,41,100,14.97,AU,2022-02-03 04:22:08,overcast clouds
130,Arsenyev,44.1631,133.2733,10.85,69,100,9.37,RU,2022-02-03 04:27:00,overcast clouds
131,Santa Isabel Do Rio Negro,-0.4139,-65.0192,74.89,92,100,3.06,BR,2022-02-03 04:27:01,light rain
132,Teguldet,57.3064,88.1667,12.06,96,100,4.85,RU,2022-02-03 04:27:02,overcast clouds
133,Sur,22.5667,59.5289,71.91,46,0,18.43,OM,2022-02-03 04:27:02,clear sky
134,Tiksi,71.6872,128.8694,-2.47,91,100,9.8,RU,2022-02-03 04:27:03,overcast clouds
135,Sabang,5.8933,95.3214,82.13,73,15,14.76,ID,2022-02-03 04:27:04,heavy intensity rain
136,Constitucion,-35.3333,-72.4167,56.88,88,70,4.43,CL,2022-02-03 04:27:04,broken clouds
137,Arraial Do Cabo,-22.9661,-42.0278,75.0,88,99,4.76,BR,2022-02-03 04:22:54,overcast clouds
138,Maryville,35.7565,-83.9705,51.94,93,100,3.0,US,2022-02-03 04:25:55,moderate rain
139,Isla Aguada,18.7833,-91.4667,75.63,81,0,9.73,MX,2022-02-03 04:27:05,clear sky
140,Faya,18.3851,42.4509,51.91,69,73,2.15,SA,2022-02-03 04:28:05,broken clouds
141,Tasiilaq,65.6145,-37.6368,14.16,74,99,7.87,GL,2022-02-03 04:28:06,overcast clouds
142,Burns Lake,54.2331,-125.7533,6.22,96,94,2.44,CA,2022-02-03 04:28:06,overcast clouds
143,Nanortalik,60.1432,-45.2371,18.99,79,100,11.97,GL,2022-02-03 04:28:06,overcast clouds
144,Castro,-24.7911,-50.0119,62.38,99,15,6.15,BR,2022-02-03 04:22:57,few clouds
145,Carnarvon,-24.8667,113.6333,89.67,55,3,12.66,AU,2022-02-03 04:28:07,clear sky
146,Pevek,69.7008,170.3133,-6.81,72,2,3.98,RU,2022-02-03 04:22:55,clear sky
147,Menongue,-14.6585,17.691,63.9,60,33,4.34,AO,2022-02-03 04:28:07,scattered clouds
148,Terrace,54.5163,-128.6035,21.11,86,100,16.11,CA,2022-02-03 04:24:34,light snow
149,Biak,-0.9131,122.8766,84.94,60,99,1.28,ID,2022-02-03 04:24:34,overcast clouds
150,Chuy,-33.6971,-53.4616,70.32,90,1,10.89,UY,2022-02-03 04:28:08,light rain
151,Okha,53.5739,142.9478,5.52,91,100,25.26,RU,2022-02-03 04:24:39,light snow
152,Jumla,29.2747,82.1838,40.32,72,93,4.36,NP,2022-02-03 04:28:08,overcast clouds
153,Skibbereen,51.55,-9.2667,50.11,91,93,10.56,IE,2022-02-03 04:28:08,overcast clouds
154,Tura,25.5198,90.2201,69.15,37,63,2.33,IN,2022-02-03 04:22:54,broken clouds
155,Edd,13.9297,41.6925,79.41,68,82,11.61,ER,2022-02-03 04:28:09,broken clouds
156,Bethel,41.3712,-73.414,39.31,90,100,5.75,US,2022-02-03 04:28:09,overcast clouds
157,Sampit,-2.5333,112.95,83.64,77,94,1.03,ID,2022-02-03 04:28:09,overcast clouds
158,Jacksonville,30.3322,-81.6556,62.06,85,20,1.99,US,2022-02-03 04:23:14,few clouds
159,Namibe,-15.1961,12.1522,70.57,74,29,7.47,AO,2022-02-03 04:28:10,scattered clouds
160,Tazovskiy,67.4667,78.7,-13.94,98,89,11.56,RU,2022-02-03 04:28:10,overcast clouds
161,Vilyuysk,63.7553,121.6247,-12.55,95,100,5.68,RU,2022-02-03 04:28:11,overcast clouds
162,Barreirinhas,-2.7469,-42.8264,78.13,81,80,6.13,BR,2022-02-03 04:28:11,broken clouds
163,Topeka,39.0483,-95.678,16.11,55,100,7.0,US,2022-02-03 04:26:16,overcast clouds
164,Dikson,73.5069,80.5464,-5.67,95,100,13.02,RU,2022-02-03 04:28:11,overcast clouds
165,Godda,24.8333,87.2167,71.78,39,0,10.07,IN,2022-02-03 04:28:12,clear sky
166,Ngaoundere,7.3167,13.5833,60.13,26,37,4.63,CM,2022-02-03 04:28:12,scattered clouds
167,Bubaque,11.2833,-15.8333,77.41,79,11,7.65,GW,2022-02-03 04:28:12,few clouds
168,Luderitz,-26.6481,15.1594,67.08,80,58,5.14,NA,2022-02-03 04:28:13,broken clouds
169,Mali,12.079,-12.2982,58.55,13,20,3.27,GN,2022-02-03 04:28:13,few clouds
170,Santa Cruz,-17.8,-63.1667,74.66,94,20,8.05,BO,2022-02-03 04:28:13,few clouds
171,Ginda,30.6945,78.4932,40.14,94,100,2.15,IN,2022-02-03 04:28:14,light rain
172,Vila,42.0304,-8.1588,42.33,79,100,4.29,PT,2022-02-03 04:28:14,overcast clouds
173,Siilinjarvi,63.0833,27.6667,1.42,85,93,4.61,FI,2022-02-03 04:28:14,overcast clouds
174,Salalah,17.0151,54.0924,77.09,27,0,2.3,OM,2022-02-03 04:28:15,clear sky
175,Kudahuvadhoo,2.6708,72.8944,81.82,71,2,8.08,MV,2022-02-03 04:28:15,very heavy rain
176,Alta Floresta,-9.8756,-56.0861,71.17,95,78,1.63,BR,2022-02-03 04:28:15,light rain
177,Yerbogachen,61.2767,108.0108,1.35,94,100,6.49,RU,2022-02-03 04:22:52,overcast clouds
178,Chern,53.4523,36.9145,10.02,97,96,5.03,RU,2022-02-03 04:28:16,overcast clouds
179,Port Augusta,-32.5,137.7667,83.71,38,0,18.97,AU,2022-02-03 04:28:16,clear sky
180,Ossora,59.2353,163.0719,10.38,77,100,10.27,RU,2022-02-03 04:28:16,overcast clouds
181,Chicama,-7.8447,-79.1469,71.64,72,85,7.14,PE,2022-02-03 04:28:17,overcast clouds
182,Tefe,-3.3542,-64.7114,73.76,99,100,2.24,BR,2022-02-03 04:28:17,overcast clouds
183,Butaritari,3.0707,172.7902,81.59,79,100,15.59,KI,2022-02-03 04:28:17,light rain
184,Hayesville,44.986,-122.9829,45.1,84,100,4.0,US,2022-02-03 04:29:18,overcast clouds
185,Kaitangata,-46.2817,169.8464,59.94,71,100,4.68,NZ,2022-02-03 04:29:18,light rain
186,Patrocinio,-18.9439,-46.9925,67.96,95,99,3.15,BR,2022-02-03 04:29:18,overcast clouds
187,Visnes,59.3556,5.2242,42.22,93,100,17.27,NO,2022-02-03 04:29:19,moderate rain
188,Taoudenni,22.6783,-3.9836,60.13,28,95,11.48,ML,2022-02-03 04:29:19,overcast clouds
189,Zhangzhou,24.5133,117.6556,55.33,95,100,1.68,CN,2022-02-03 04:29:19,light rain
190,Saint-Malo,48.5,-1.8333,43.86,93,100,5.99,FR,2022-02-03 04:29:20,overcast clouds
191,Hualmay,-11.0964,-77.6139,70.09,82,83,9.33,PE,2022-02-03 04:29:20,broken clouds
192,Mayya,61.7333,130.2811,-26.28,91,100,3.51,RU,2022-02-03 04:29:20,overcast clouds
193,Lebu,-37.6167,-73.65,58.17,95,66,8.1,CL,2022-02-03 04:29:20,broken clouds
194,Loei,17.4167,101.5,75.11,54,45,3.56,TH,2022-02-03 04:29:21,moderate rain
195,Baykit,61.67,96.37,10.17,95,100,2.62,RU,2022-02-03 04:29:21,light snow
196,Lavrentiya,65.5833,-171.0,0.54,64,1,22.57,RU,2022-02-03 04:29:21,clear sky
197,Tabuk,17.4189,121.4443,79.59,67,5,7.34,PH,2022-02-03 04:29:22,clear sky
198,Katsuura,35.1333,140.3,48.31,44,100,3.24,JP,2022-02-03 04:29:22,overcast clouds
199,Hofn,64.2539,-15.2082,30.99,62,100,13.65,IS,2022-02-03 04:29:22,overcast clouds
200,Milkovo,54.7167,158.6167,22.89,86,100,10.42,RU,2022-02-03 04:29:23,overcast clouds
201,Romny,50.751,33.4747,18.55,95,100,3.85,UA,2022-02-03 04:29:23,overcast clouds
202,Bandarbeyla,9.4942,50.8122,75.54,68,15,16.6,SO,2022-02-03 04:29:23,few clouds
203,Northfield,44.4583,-93.1616,0.68,69,0,0.0,US,2022-02-03 04:29:23,clear sky
204,Tiarei,-17.5333,-149.3333,86.02,80,19,24.76,PF,2022-02-03 04:29:24,few clouds
205,Mount Isa,-20.7333,139.5,85.77,62,75,17.27,AU,2022-02-03 04:29:24,broken clouds
206,Mandaguari,-23.5475,-51.6708,69.24,98,87,6.58,BR,2022-02-03 04:26:00,overcast clouds
207,Tuktoyaktuk,69.4541,-133.0374,-18.4,76,75,10.36,CA,2022-02-03 04:29:24,light snow
208,Saint-Philippe,-21.3585,55.7679,83.79,94,100,37.11,RE,2022-02-03 04:29:25,heavy intensity rain
209,Bredasdorp,-34.5322,20.0403,65.28,82,0,6.53,ZA,2022-02-03 04:29:25,clear sky
210,Codrington,-38.2667,141.9667,61.75,61,99,16.73,AU,2022-02-03 04:29:26,overcast clouds
211,Yumen,40.2833,97.2,25.38,39,19,5.03,CN,2022-02-03 04:29:26,few clouds
212,Colares,38.7992,-9.4469,55.33,75,100,1.01,PT,2022-02-03 04:29:26,overcast clouds
213,Ribeira Grande,38.5167,-28.7,58.93,70,16,3.27,PT,2022-02-03 04:29:26,few clouds
214,Petatlan,17.5167,-101.2667,69.42,81,0,4.03,MX,2022-02-03 04:29:27,clear sky
215,Muravlenko,63.7898,74.523,19.44,95,100,12.35,RU,2022-02-03 04:29:27,light snow
216,Fortuna,40.5982,-124.1573,48.92,85,100,1.01,US,2022-02-03 04:29:27,overcast clouds
217,Airai,-8.9266,125.4092,72.93,63,95,5.59,TL,2022-02-03 04:29:28,overcast clouds
218,Weyburn,49.6668,-103.8511,-18.81,69,21,10.36,CA,2022-02-03 04:29:28,snow
219,Lasa,46.6166,10.7002,40.46,94,52,8.1,IT,2022-02-03 04:29:28,broken clouds
220,Sao Joao Da Barra,-21.6403,-41.0511,73.15,94,100,8.41,BR,2022-02-03 04:29:29,light rain
221,Touros,-5.1989,-35.4608,77.9,79,57,10.09,BR,2022-02-03 04:29:29,broken clouds
222,Sao Filipe,14.8961,-24.4956,72.97,77,0,12.97,CV,2022-02-03 04:23:05,clear sky
223,Ariquemes,-9.9133,-63.0408,72.46,98,100,1.23,BR,2022-02-03 04:29:29,overcast clouds
224,Camana,-16.6228,-72.7111,70.93,84,74,7.7,PE,2022-02-03 04:29:29,broken clouds
225,Oga,46.4631,10.347,33.08,96,78,6.76,IT,2022-02-03 04:29:30,broken clouds
226,Praia,14.9215,-23.5087,72.14,60,1,20.71,CV,2022-02-03 04:29:30,clear sky
227,Fairbanks,64.8378,-147.7164,-22.99,69,0,0.0,US,2022-02-03 04:26:53,clear sky
228,Palmer,42.1584,-72.3287,39.85,83,100,0.0,US,2022-02-03 04:29:30,overcast clouds
229,Chimbote,-9.0853,-78.5783,69.71,84,62,7.18,PE,2022-02-03 04:25:22,broken clouds
230,Pisco,-13.7,-76.2167,66.25,88,0,12.66,PE,2022-02-03 04:29:31,clear sky
231,Gidam,18.9833,81.4,75.38,49,38,4.83,IN,2022-02-03 04:29:31,scattered clouds
232,Prince Rupert,54.3161,-130.3201,39.29,100,100,3.44,CA,2022-02-03 04:30:32,light rain
233,Shache,38.4167,77.2406,35.71,31,100,2.71,CN,2022-02-03 04:30:32,overcast clouds
234,Lunenburg,44.3835,-64.3155,37.4,94,100,10.18,CA,2022-02-03 04:30:32,overcast clouds
235,Oudtshoorn,-33.5907,22.2014,64.76,82,85,0.4,ZA,2022-02-03 04:30:33,overcast clouds
236,Provideniya,64.3833,-173.3,2.62,67,96,22.01,RU,2022-02-03 04:30:33,overcast clouds
237,Kampot,10.6167,104.1833,84.25,55,85,6.8,KH,2022-02-03 04:30:33,moderate rain
238,Sitka,57.0531,-135.33,37.29,93,100,3.44,US,2022-02-03 04:27:08,mist
239,Saraipali,21.3333,83.0,77.79,25,0,7.36,IN,2022-02-03 04:30:34,clear sky
240,Mocuba,-16.8392,36.9856,74.77,87,72,3.18,MZ,2022-02-03 04:30:34,broken clouds
241,Naze,28.3667,129.4833,54.52,87,100,19.1,JP,2022-02-03 04:23:03,overcast clouds
242,Ulladulla,-35.35,150.4667,71.76,52,24,13.18,AU,2022-02-03 04:30:35,few clouds
243,Vila Velha,-20.3297,-40.2925,75.15,96,100,1.01,BR,2022-02-03 04:30:35,overcast clouds
244,Grande Riviere Du Nord,19.5833,-72.1833,70.45,93,55,8.03,HT,2022-02-03 04:30:36,broken clouds
245,Urusha,54.05,122.9,4.39,53,39,8.08,RU,2022-02-03 04:30:36,scattered clouds
246,Smirnykh,49.75,142.8333,11.39,71,99,10.22,RU,2022-02-03 04:30:36,overcast clouds
247,Lokoja,7.8024,6.743,72.1,41,50,0.92,NG,2022-02-03 04:30:37,scattered clouds
248,Margate,51.3813,1.3862,47.75,78,100,3.0,GB,2022-02-03 04:29:57,overcast clouds
249,Turukhansk,65.8167,87.9833,-8.64,98,48,5.97,RU,2022-02-03 04:30:38,scattered clouds
250,Wanning,18.8003,110.3967,68.34,79,91,13.24,CN,2022-02-03 04:30:38,overcast clouds
251,Planeta Rica,8.4147,-75.5883,76.24,89,28,7.96,CO,2022-02-03 04:30:38,scattered clouds
252,Myrtle Beach,33.6891,-78.8867,54.03,89,100,8.05,US,2022-02-03 04:30:19,overcast clouds
253,Atoyac,20.0167,-103.5333,64.76,64,0,3.56,MX,2022-02-03 04:30:39,clear sky
254,Nueva Guinea,11.6876,-84.4562,65.66,93,18,3.89,NI,2022-02-03 04:30:39,few clouds
255,Vao,-22.6667,167.4833,79.72,71,100,7.45,NC,2022-02-03 04:30:39,overcast clouds
256,Komagane,35.7296,137.9396,43.34,46,93,5.55,JP,2022-02-03 04:30:40,overcast clouds
257,Broome,42.2506,-75.833,40.37,78,100,1.99,US,2022-02-03 04:30:40,overcast clouds
258,West Bay,19.3667,-81.4167,77.07,87,13,1.99,KY,2022-02-03 04:30:41,few clouds
259,Komsomolskiy,40.4272,71.7189,36.32,80,82,4.61,UZ,2022-02-03 04:30:41,broken clouds
260,Mizdah,31.4451,12.9801,48.16,66,85,16.11,LY,2022-02-03 04:30:41,overcast clouds
261,Klaksvik,62.2266,-6.589,36.52,99,100,16.28,FO,2022-02-03 04:30:42,overcast clouds
262,Acajutla,13.5928,-89.8275,73.8,80,0,4.97,SV,2022-02-03 04:30:42,clear sky
263,Kilindoni,-7.9139,39.6668,81.48,77,86,10.87,TZ,2022-02-03 04:30:42,overcast clouds
264,Honiara,-9.4333,159.95,80.82,85,100,9.46,SB,2022-02-03 04:30:43,overcast clouds
265,Longyearbyen,78.2186,15.6401,13.84,73,0,20.71,SJ,2022-02-03 04:30:43,clear sky
266,Berlevag,70.8578,29.0864,15.8,63,100,13.31,NO,2022-02-03 04:30:44,light snow
267,Santa Maria,-29.6842,-53.8069,73.38,62,21,6.91,BR,2022-02-03 04:29:16,few clouds
268,Faanui,-16.4833,-151.75,81.28,77,29,19.75,PF,2022-02-03 04:30:44,scattered clouds
269,Geraldton,-28.7667,114.6,106.21,10,1,19.57,AU,2022-02-03 04:30:44,clear sky
270,Clonakilty,51.6231,-8.8706,44.1,92,82,10.38,IE,2022-02-03 04:30:44,broken clouds
271,Olean,42.0776,-78.4297,38.12,100,100,10.36,US,2022-02-03 04:28:03,moderate rain
272,Crown Point,41.417,-87.3653,26.35,87,100,13.8,US,2022-02-03 04:29:22,overcast clouds
273,Houma,29.5958,-90.7195,66.2,92,100,5.01,US,2022-02-03 04:30:00,overcast clouds
274,Vestmannaeyjar,63.4427,-20.2734,28.53,80,59,17.69,IS,2022-02-03 04:30:45,broken clouds
275,Usinsk,65.9939,57.5281,12.85,96,99,9.51,RU,2022-02-03 04:31:45,overcast clouds
276,Zurrieq,35.8311,14.4742,52.97,87,0,10.36,MT,2022-02-03 04:31:46,clear sky
277,Chapais,49.7834,-74.8492,2.98,91,100,7.2,CA,2022-02-03 04:31:46,overcast clouds
278,Coro,11.4045,-69.6734,75.78,86,14,12.86,VE,2022-02-03 04:31:46,few clouds
279,Hailey,43.5196,-114.3153,6.66,78,0,6.91,US,2022-02-03 04:27:39,clear sky
280,Ancud,-41.8697,-73.8203,56.73,92,65,2.75,CL,2022-02-03 04:31:47,broken clouds
281,Grindavik,63.8424,-22.4338,27.07,86,75,5.75,IS,2022-02-03 04:31:47,broken clouds
282,Omboue,-1.5746,9.2618,77.41,84,100,4.88,GA,2022-02-03 04:31:48,overcast clouds
283,Tessalit,20.1986,1.0114,57.06,15,14,10.2,ML,2022-02-03 04:31:48,few clouds
284,Fort Nelson,58.8053,-122.7002,-8.01,77,100,5.75,CA,2022-02-03 04:31:48,light snow
285,Magistralnyy,56.1725,107.4458,4.24,90,89,2.26,RU,2022-02-03 04:31:48,overcast clouds
286,Lorengau,-2.0226,147.2712,79.18,81,100,4.74,PG,2022-02-03 04:31:49,overcast clouds
287,Kupang,-10.1667,123.5833,82.35,78,25,13.6,ID,2022-02-03 04:31:49,moderate rain
288,North Platte,41.1239,-100.7654,8.49,43,100,6.91,US,2022-02-03 04:28:31,overcast clouds
289,Port Hardy,50.6996,-127.4199,41.76,93,100,13.8,CA,2022-02-03 04:30:13,light rain
290,Alice Springs,-23.7,133.8833,76.55,57,100,16.11,AU,2022-02-03 04:28:08,overcast clouds
291,Iqaluit,63.7506,-68.5145,10.13,85,75,10.36,CA,2022-02-03 04:31:50,light snow
292,Emerald,-23.5333,148.1667,77.14,100,75,8.05,AU,2022-02-03 04:31:50,thunderstorm
293,Ostrovnoy,68.0531,39.5131,20.08,91,100,13.87,RU,2022-02-03 04:31:50,light snow
294,Bargur,12.5424,78.3539,77.22,49,2,5.21,IN,2022-02-03 04:31:51,very heavy rain
295,Khazar,41.9974,48.3332,42.44,73,86,5.97,RU,2022-02-03 04:31:51,overcast clouds
296,Nishihara,26.1842,127.7558,65.48,97,100,12.66,JP,2022-02-03 04:31:52,mist
297,Saint-Augustin,51.226,-58.6502,27.63,95,100,17.85,CA,2022-02-03 04:31:52,light snow
298,Buraydah,26.326,43.975,50.45,36,0,11.14,SA,2022-02-03 04:31:52,clear sky
299,Berekum,7.4534,-2.584,63.81,21,63,1.3,GH,2022-02-03 04:31:53,broken clouds
300,Nusaybin,37.0778,41.2178,43.34,75,0,2.3,TR,2022-02-03 04:31:53,clear sky
301,Dalvik,65.9702,-18.5286,3.13,95,73,3.06,IS,2022-02-03 04:31:53,light snow
302,Talcahuano,-36.7167,-73.1167,60.48,77,100,4.61,CL,2022-02-03 04:31:54,overcast clouds
303,Colac,-38.3333,143.5833,64.62,56,99,12.33,AU,2022-02-03 04:31:54,overcast clouds
304,Dhidhdhoo,6.8833,73.1,81.18,66,9,4.56,MV,2022-02-03 04:31:54,very heavy rain
305,Namatanai,-3.6667,152.4333,79.25,84,100,10.29,PG,2022-02-03 04:31:54,light rain
306,Dunmore East,52.1514,-6.9861,46.69,74,50,9.6,IE,2022-02-03 04:31:55,scattered clouds
307,Labuhan,-6.8844,112.2051,85.53,67,79,7.31,ID,2022-02-03 04:31:55,broken clouds
308,Inuvik,68.3499,-133.7218,-24.74,75,20,2.3,CA,2022-02-03 04:26:56,few clouds
309,Souillac,-20.5167,57.5167,80.98,89,75,27.63,MU,2022-02-03 04:31:56,shower rain
310,Kutum,14.2,24.6667,59.54,21,13,10.09,SD,2022-02-03 04:31:56,few clouds
311,Talnakh,69.4865,88.3972,-10.59,98,100,7.02,RU,2022-02-03 04:31:56,overcast clouds
312,Santa Ana,33.7456,-117.8678,61.14,14,0,8.99,US,2022-02-03 04:27:45,clear sky
313,Etaples,50.5219,1.6332,46.87,87,100,8.05,FR,2022-02-03 04:31:57,overcast clouds
314,Marsh Harbour,26.5412,-77.0636,71.33,71,39,19.84,BS,2022-02-03 04:31:57,scattered clouds
315,Kruisfontein,-34.0033,24.7314,68.88,78,100,8.05,ZA,2022-02-03 04:31:57,overcast clouds
316,Boone,39.0334,-92.3335,16.84,79,100,7.0,US,2022-02-03 04:31:58,overcast clouds
317,Atambua,-9.1061,124.8925,80.55,72,79,9.98,ID,2022-02-03 04:31:58,broken clouds
318,Tebingtinggi,3.3285,99.1625,87.85,55,90,2.77,ID,2022-02-03 04:31:58,heavy intensity rain
319,Puerto Leguizamo,-0.1934,-74.7819,73.36,78,51,2.8,CO,2022-02-03 04:31:59,broken clouds
320,Sambava,-14.2667,50.1667,76.26,80,100,2.86,MG,2022-02-03 04:23:05,overcast clouds
321,Atar,20.5169,-13.0499,67.62,23,0,7.18,MR,2022-02-03 04:32:59,clear sky
322,Charkhari,25.4,79.75,72.39,40,0,11.79,IN,2022-02-03 04:32:59,clear sky
323,Itacare,-14.2775,-38.9967,77.29,82,77,2.77,BR,2022-02-03 04:33:00,broken clouds
324,Leningradskiy,69.3833,178.4167,-13.43,91,22,9.86,RU,2022-02-03 04:29:15,few clouds
325,Darnah,32.767,22.6367,53.38,63,57,28.36,LY,2022-02-03 04:33:00,broken clouds
326,Nemuro,43.3236,145.575,27.03,66,19,5.44,JP,2022-02-03 04:33:00,few clouds
327,Imeni Poliny Osipenko,52.4201,136.4853,1.17,77,78,3.78,RU,2022-02-03 04:33:01,broken clouds
328,Zhicheng,30.2956,111.5047,47.7,41,69,4.0,CN,2022-02-03 04:33:02,broken clouds
329,Brae,60.3964,-1.353,46.31,93,100,20.83,GB,2022-02-03 04:33:03,overcast clouds
330,Sangar,63.9242,127.4739,-21.69,94,30,1.57,RU,2022-02-03 04:33:03,scattered clouds
331,Bilibino,68.0546,166.4372,-4.52,62,0,5.59,RU,2022-02-03 04:33:04,clear sky
332,Araucaria,-25.5931,-49.4103,69.57,93,78,6.2,BR,2022-02-03 04:29:51,broken clouds
333,Gornopravdinsk,60.05,69.9,22.26,92,100,8.75,RU,2022-02-03 04:33:04,overcast clouds
334,Sao Mateus,-18.7161,-39.8589,73.92,95,96,3.18,BR,2022-02-03 04:31:12,overcast clouds
335,Lagoa,39.05,-27.9833,57.25,73,2,4.23,PT,2022-02-03 04:33:05,clear sky
336,Kahului,20.8947,-156.47,78.06,73,40,4.61,US,2022-02-03 04:31:05,scattered clouds
337,Yar-Sale,66.8333,70.8333,6.17,96,100,7.92,RU,2022-02-03 04:33:05,overcast clouds
338,Sandakan,5.8402,118.1179,85.68,74,20,8.01,MY,2022-02-03 04:33:06,few clouds
339,Kinablangan,7.6947,126.5503,81.03,69,98,6.15,PH,2022-02-03 04:33:06,heavy intensity rain
340,Zemio,5.0314,25.1361,73.42,29,95,1.54,CF,2022-02-03 04:33:06,overcast clouds
341,Balikpapan,-1.2675,116.8289,86.99,70,20,5.75,ID,2022-02-03 04:30:36,few clouds
342,Ahipara,-35.1667,173.1667,73.56,72,93,12.17,NZ,2022-02-03 04:33:07,overcast clouds
343,Sioux Lookout,50.1001,-91.917,-16.53,76,20,9.22,CA,2022-02-03 04:33:07,few clouds
344,Darhan,49.4867,105.9228,2.88,80,87,4.54,MN,2022-02-03 04:33:07,overcast clouds
345,Sept-Iles,50.2001,-66.3821,29.05,95,100,1.99,CA,2022-02-03 04:33:08,snow
346,Acapulco,16.8634,-99.8901,76.82,73,20,5.75,MX,2022-02-03 04:31:46,few clouds
347,Saint-Georges,12.0564,-61.7485,78.48,78,20,23.02,GD,2022-02-03 04:33:08,few clouds
348,Esperance,-33.8667,121.9,82.24,48,9,20.13,AU,2022-02-03 04:33:09,clear sky
349,Duekoue,6.7472,-7.3496,62.24,41,23,0.83,CI,2022-02-03 04:33:09,few clouds
350,Talaya,61.3833,152.75,-12.32,99,100,6.29,RU,2022-02-03 04:33:09,overcast clouds
351,Sterling,39.0062,-77.4286,43.52,86,100,3.0,US,2022-02-03 04:30:09,light rain
352,Saldanha,-33.0117,17.9442,60.85,89,0,7.76,ZA,2022-02-03 04:33:10,clear sky
353,Olden,61.8364,6.8064,32.0,86,100,9.28,NO,2022-02-03 04:33:10,overcast clouds
354,Eenhana,-17.4667,16.3333,64.78,60,41,5.41,NA,2022-02-03 04:33:10,scattered clouds
355,Cabo San Lucas,22.8909,-109.9124,69.51,70,85,7.05,MX,2022-02-03 04:32:33,overcast clouds
356,Turuvekere,13.1642,76.6667,78.04,47,0,6.44,IN,2022-02-03 04:33:11,very heavy rain
357,Morehead,37.2711,-87.1764,34.99,96,100,1.99,US,2022-02-03 04:33:11,moderate rain
358,Aklavik,68.2191,-135.0107,-24.77,98,100,4.16,CA,2022-02-03 04:33:11,overcast clouds
359,Harsany,47.9667,20.75,31.14,90,62,4.14,HU,2022-02-03 04:33:12,broken clouds
360,Tezu,27.9167,96.1667,68.92,40,97,3.8,IN,2022-02-03 04:33:12,overcast clouds
361,Bodden Town,19.2833,-81.25,77.0,83,7,5.01,KY,2022-02-03 04:33:12,clear sky
362,Yashkino,55.8736,85.4265,14.95,95,99,4.27,RU,2022-02-03 04:33:13,overcast clouds
363,Melville,40.7934,-73.4151,40.95,86,100,1.01,US,2022-02-03 04:33:13,fog
364,Zehdenick,52.9785,13.3317,38.28,95,82,7.34,DE,2022-02-03 04:33:13,broken clouds
365,Husavik,66.0449,-17.3389,3.11,89,97,4.14,IS,2022-02-03 04:33:14,light snow
366,Padang,-0.9492,100.3543,84.25,71,78,6.11,ID,2022-02-03 04:30:47,heavy intensity rain
367,Poso,-1.3959,120.7524,85.28,62,100,4.23,ID,2022-02-03 04:29:56,overcast clouds
368,Mayo,38.8876,-76.5119,45.09,92,100,1.01,US,2022-02-03 04:33:14,mist
369,Rovaniemi,66.5,25.7167,8.01,85,20,9.22,FI,2022-02-03 04:34:14,few clouds
370,Kyshtovka,56.555,76.6271,14.34,90,100,9.86,RU,2022-02-03 04:34:15,overcast clouds
371,Praya,14.9215,-23.5087,72.14,60,1,20.71,CV,2022-02-03 04:29:30,clear sky
372,Coihaique,-45.5752,-72.0662,57.15,82,20,4.61,CL,2022-02-03 04:31:47,few clouds
373,Beringovskiy,63.05,179.3167,8.87,74,100,22.12,RU,2022-02-03 04:34:15,overcast clouds
374,Machali,-34.1833,-70.6667,62.08,59,0,2.15,CL,2022-02-03 04:34:16,clear sky
375,Norman Wells,65.282,-126.8329,-25.56,68,100,9.22,CA,2022-02-03 04:34:16,overcast clouds
376,Genhe,50.7833,121.5167,4.3,60,29,7.52,CN,2022-02-03 04:34:17,scattered clouds
377,Bac Lieu,9.285,105.7244,85.87,61,62,18.43,VN,2022-02-03 04:34:17,light rain
378,Ust-Nera,64.5667,143.2,-7.22,99,100,3.51,RU,2022-02-03 04:32:16,overcast clouds
379,Pangnirtung,66.1451,-65.7125,5.67,84,100,7.9,CA,2022-02-03 04:34:18,overcast clouds
380,Saint-Francois,46.4154,3.9054,40.41,99,100,5.75,FR,2022-02-03 04:34:18,fog
381,Katherine,-14.4667,132.2667,91.72,55,75,9.22,AU,2022-02-03 04:34:18,broken clouds
382,Olinda,-8.0089,-34.8553,82.13,74,40,5.75,BR,2022-02-03 04:34:19,scattered clouds
383,Amarpatan,24.3167,80.9833,73.9,30,0,10.54,IN,2022-02-03 04:34:19,clear sky
384,Pedroso,41.411,-8.749,52.02,81,0,5.75,PT,2022-02-03 04:34:19,clear sky
385,Lufilufi,-13.8745,-171.5986,83.79,74,100,13.94,WS,2022-02-03 04:34:19,light rain
386,Sobolevo,54.4299,31.8996,23.59,97,100,2.82,RU,2022-02-03 04:34:20,snow
387,Jiangyou,31.7667,104.7167,45.9,63,83,4.32,CN,2022-02-03 04:34:20,broken clouds
388,Riyadh,24.6877,46.7219,53.65,40,0,6.91,SA,2022-02-03 04:29:48,clear sky
389,Rajgarh,28.6333,75.3833,60.06,54,81,20.4,IN,2022-02-03 04:34:21,broken clouds
390,Kenai,60.5544,-151.2583,21.15,81,100,6.91,US,2022-02-03 04:34:21,overcast clouds
391,Dabakala,8.3667,-4.4333,67.33,11,10,4.74,CI,2022-02-03 04:34:21,clear sky
392,Matane,48.8286,-67.522,35.35,95,100,15.77,CA,2022-02-03 04:32:34,snow
393,Flinders,-34.5833,150.8552,75.79,59,63,11.01,AU,2022-02-03 04:34:22,broken clouds
394,Oswego,43.4501,-76.1497,40.91,82,100,1.99,US,2022-02-03 04:32:02,overcast clouds
395,Marzuq,14.4,46.4667,64.29,29,16,3.11,YE,2022-02-03 04:34:22,few clouds
396,Goure,13.9835,10.2704,61.02,19,100,10.47,NE,2022-02-03 04:34:23,overcast clouds
397,Wynyard,-41.0,145.7167,70.99,45,57,5.97,AU,2022-02-03 04:34:23,broken clouds
398,Bathsheba,13.2167,-59.5167,77.61,73,20,18.41,BB,2022-02-03 04:34:23,few clouds
399,Kasongo-Lunda,-6.4667,16.8167,68.54,98,98,1.48,CD,2022-02-03 04:34:24,overcast clouds
400,Ouagadougou,12.3642,-1.5383,64.92,15,1,7.87,BF,2022-02-03 04:33:21,clear sky
401,Cayenne,4.9333,-52.3333,79.09,87,75,1.99,GF,2022-02-03 04:32:42,broken clouds
402,Natal,-5.795,-35.2094,80.82,83,20,8.05,BR,2022-02-03 04:34:24,few clouds
403,Progreso,21.2833,-89.6667,77.11,75,0,14.16,MX,2022-02-03 04:34:24,clear sky
404,Bintulu,3.1667,113.0333,88.21,70,40,3.0,MY,2022-02-03 04:34:25,scattered clouds
405,Fare,-16.7,-151.0167,81.09,78,68,21.03,PF,2022-02-03 04:34:25,light rain
406,Port-Gentil,-0.7193,8.7815,80.47,76,100,10.67,GA,2022-02-03 04:34:25,overcast clouds
407,Hohhot,40.8106,111.6522,19.69,38,0,13.42,CN,2022-02-03 04:34:26,clear sky
408,Mozarlandia,-14.7447,-50.5706,72.09,92,93,2.35,BR,2022-02-03 04:34:26,overcast clouds
409,Key West,24.5557,-81.7826,73.99,83,100,12.66,US,2022-02-03 04:29:36,overcast clouds
410,Awbari,26.5921,12.7805,40.89,56,0,8.25,LY,2022-02-03 04:34:27,clear sky
411,Hobyo,5.3505,48.5268,78.8,69,100,18.72,SO,2022-02-03 04:34:27,overcast clouds
412,Mbanza-Ngungu,-5.25,14.8667,64.65,98,100,3.24,CD,2022-02-03 04:34:27,overcast clouds
413,Aktau,43.65,51.2,36.18,64,79,20.6,KZ,2022-02-03 04:35:28,broken clouds
414,Talara,-4.5772,-81.2719,73.24,74,81,13.62,PE,2022-02-03 04:35:28,broken clouds
415,Krasnoselkup,65.7,82.4667,-8.14,96,77,10.65,RU,2022-02-03 04:35:28,broken clouds
416,Mount Gambier,-37.8333,140.7667,64.31,52,100,17.27,AU,2022-02-03 04:31:51,overcast clouds
417,Rocha,-34.4833,-54.3333,65.48,98,35,6.64,UY,2022-02-03 04:35:29,scattered clouds
418,Jacutinga,-22.2856,-46.6122,64.56,96,100,2.82,BR,2022-02-03 04:35:29,overcast clouds
419,Sangamner,19.5667,74.2167,78.35,19,22,7.05,IN,2022-02-03 04:35:29,few clouds
420,Tabory,58.5198,64.5495,13.78,95,96,6.22,RU,2022-02-03 04:35:30,overcast clouds
421,Lokosovo,61.1333,74.8167,19.78,92,99,12.1,RU,2022-02-03 04:35:30,overcast clouds
422,Puerto Baquerizo Moreno,-0.9,-89.6,73.83,86,1,8.12,EC,2022-02-03 04:35:31,clear sky
423,Seymchan,62.8833,152.4333,-16.2,97,80,2.3,RU,2022-02-03 04:35:31,broken clouds
424,Egvekinot,66.3167,-179.1667,-10.1,77,5,18.25,RU,2022-02-03 04:35:31,clear sky
425,Paveh,35.0434,46.3565,19.6,59,99,7.38,IR,2022-02-03 04:35:32,overcast clouds
426,Karasburg,-28.0167,18.75,61.79,80,0,8.3,NA,2022-02-03 04:35:32,clear sky
427,Kanniyakumari,8.0833,77.5667,81.09,58,3,11.41,IN,2022-02-03 04:35:32,very heavy rain
428,Panama City,8.9936,-79.5197,78.75,81,75,9.22,PA,2022-02-03 04:34:34,broken clouds
429,Sao Paulo De Olivenca,-3.3783,-68.8725,72.25,99,97,1.57,BR,2022-02-03 04:35:33,light rain
430,Pangai,-19.8,-174.35,81.48,74,24,9.6,TO,2022-02-03 04:35:33,light rain
431,Helena,46.5927,-112.0361,6.98,72,100,1.01,US,2022-02-03 04:31:29,overcast clouds
432,Lashio,22.9333,97.75,71.49,29,0,2.21,MM,2022-02-03 04:35:33,clear sky
433,Monteria,8.748,-75.8814,76.91,100,20,0.0,CO,2022-02-03 04:35:34,few clouds
434,Tornio,65.8481,24.1466,12.31,97,100,2.73,FI,2022-02-03 04:35:34,overcast clouds
435,Lahuachaca,-17.3667,-67.6667,46.11,83,87,3.71,BO,2022-02-03 04:35:34,overcast clouds
436,Andenes,69.3143,16.1194,22.98,63,10,17.27,NO,2022-02-03 04:35:34,clear sky
437,Arman,59.7,150.1667,13.44,77,100,12.66,RU,2022-02-03 04:35:35,overcast clouds
438,Mangaratiba,-22.9597,-44.0406,77.04,87,100,2.37,BR,2022-02-03 04:35:35,overcast clouds
439,Balabac,7.9868,117.0645,82.81,72,58,14.07,PH,2022-02-03 04:35:35,broken clouds
440,Lethem,3.3803,-59.7968,78.44,66,17,10.8,GY,2022-02-03 04:35:36,few clouds
441,Sindor,62.8629,51.8905,19.85,95,100,5.95,RU,2022-02-03 04:35:36,overcast clouds
442,Ipixuna,-1.7625,-48.8043,76.95,98,91,2.98,BR,2022-02-03 04:35:36,overcast clouds
443,Terralba,39.7192,8.6392,48.02,88,6,5.53,IT,2022-02-03 04:35:37,clear sky
444,Verkhnetulomskiy,68.6073,31.7962,3.33,99,100,1.07,RU,2022-02-03 04:35:37,overcast clouds
445,Duartina,-22.4144,-49.4039,67.06,97,75,3.89,BR,2022-02-03 04:35:37,broken clouds
446,Nome,64.5011,-165.4064,8.67,57,0,27.63,US,2022-02-03 04:35:37,clear sky
447,Yining,29.0361,114.5636,40.51,89,100,1.74,CN,2022-02-03 04:35:38,overcast clouds
448,Hakodate,41.7758,140.7367,28.38,68,75,25.32,JP,2022-02-03 04:35:38,broken clouds
449,Giurgita,44.0167,23.6333,29.61,84,7,10.25,RO,2022-02-03 04:35:39,clear sky
450,Uruzgan,32.8333,66.0,32.5,42,0,9.82,AF,2022-02-03 04:35:39,clear sky
451,Kikwit,-5.041,18.8162,69.35,97,100,1.5,CD,2022-02-03 04:35:39,light rain
452,San Martin,-33.081,-68.4681,77.54,48,55,2.84,AR,2022-02-03 04:35:39,light rain
453,Gelibolu,40.4103,26.6708,35.46,98,100,16.08,TR,2022-02-03 04:35:40,overcast clouds
454,Idenao,4.2475,9.0047,78.24,89,95,3.09,CM,2022-02-03 04:35:40,light rain
455,Quatre Cocos,-20.2078,57.7625,80.71,94,100,27.18,MU,2022-02-03 04:35:40,moderate rain
456,Flin Flon,54.7682,-101.865,-20.83,99,16,6.62,CA,2022-02-03 04:35:41,few clouds
457,Vostok,46.4856,135.8833,3.56,85,100,9.04,RU,2022-02-03 04:35:41,overcast clouds
458,Shizunai,42.3339,142.3669,28.45,66,99,22.1,JP,2022-02-03 04:35:41,snow
459,Dakar,14.6937,-17.4441,72.48,78,52,8.48,SN,2022-02-03 04:36:42,broken clouds
460,Narsaq,60.9167,-46.05,12.42,67,100,15.17,GL,2022-02-03 04:36:42,light snow
461,Lichinga,-13.3128,35.2406,66.29,100,75,4.61,MZ,2022-02-03 04:36:42,fog
462,Roma,43.2128,-75.4557,42.66,80,100,0.0,US,2022-02-03 04:36:43,overcast clouds
463,North Bend,43.4065,-124.2243,45.95,98,40,3.44,US,2022-02-03 04:36:43,scattered clouds
464,Batagay-Alyta,67.8006,130.4114,-20.15,95,75,2.75,RU,2022-02-03 04:36:43,broken clouds
465,Lahaina,20.8783,-156.6825,78.04,82,13,8.01,US,2022-02-03 04:36:44,few clouds
466,Xuddur,4.1213,43.8894,74.12,58,52,20.38,SO,2022-02-03 04:36:44,broken clouds
467,Andra,62.5147,65.8878,15.3,97,98,3.69,RU,2022-02-03 04:36:44,overcast clouds
468,Fort Wellington,6.4,-57.6,76.28,82,2,8.3,GY,2022-02-03 04:36:44,clear sky
469,Necochea,-38.5473,-58.7368,66.04,73,85,13.2,AR,2022-02-03 04:35:12,overcast clouds
470,Kuching,1.55,110.3333,86.22,70,40,4.61,MY,2022-02-03 04:32:12,light rain
471,Wanlaweyn,2.6185,44.8938,77.18,72,53,16.96,SO,2022-02-03 04:36:45,broken clouds
472,Los Llanos De Aridane,28.6585,-17.9182,65.12,68,0,3.0,ES,2022-02-03 04:36:45,clear sky
473,Coquimbo,-29.9533,-71.3436,62.33,88,0,2.3,CL,2022-02-03 04:36:46,clear sky
474,Wanxian,30.8039,108.3897,50.88,58,90,1.92,CN,2022-02-03 04:36:46,overcast clouds
475,Bara,10.3744,10.7288,60.21,20,52,7.05,NG,2022-02-03 04:36:46,broken clouds
476,Aasiaat,68.7098,-52.8699,-4.67,75,100,19.42,GL,2022-02-03 04:36:47,overcast clouds
477,Karakulino,56.012,53.7067,29.37,97,100,13.35,RU,2022-02-03 04:36:47,snow
478,Iraquara,-12.2486,-41.6194,65.35,89,0,2.44,BR,2022-02-03 04:36:47,clear sky
479,Afogados Da Ingazeira,-7.7508,-37.6392,71.47,79,25,6.78,BR,2022-02-03 04:36:48,scattered clouds
480,Nuevo Progreso,23.1667,-97.95,73.89,76,45,1.01,MX,2022-02-03 04:36:48,scattered clouds
481,Doha,25.2867,51.5333,62.58,67,0,5.75,QA,2022-02-03 04:36:48,clear sky
482,Makakilo City,21.3469,-158.0858,75.56,64,100,3.44,US,2022-02-03 04:36:49,overcast clouds
483,Maldonado,-34.6667,-54.9167,70.99,91,59,10.0,UY,2022-02-03 04:36:49,broken clouds
484,Tromso,69.6496,18.957,18.37,79,0,1.14,NO,2022-02-03 04:36:49,clear sky
485,Krapkowice,50.4752,17.9654,33.94,94,62,5.97,PL,2022-02-03 04:32:45,broken clouds
486,Bela Vista,-22.1089,-56.5211,74.86,87,6,6.2,BR,2022-02-03 04:36:50,clear sky
487,Alindao,5.0267,21.2088,77.36,22,99,7.45,CF,2022-02-03 04:36:50,overcast clouds
488,Poum,-20.2333,164.0167,81.46,69,10,1.83,NC,2022-02-03 04:36:50,clear sky
489,Marshall,34.3834,-86.3333,53.96,85,100,3.0,US,2022-02-03 04:36:51,moderate rain
490,Luwingu,-10.2621,29.9271,62.69,97,100,3.89,ZM,2022-02-03 04:36:51,light rain
491,Broken Hill,-31.95,141.4333,73.11,31,0,20.71,AU,2022-02-03 04:36:51,clear sky
492,Shetpe,44.1667,52.1167,39.94,62,71,14.81,KZ,2022-02-03 04:36:52,broken clouds
493,Baker City,44.7749,-117.8344,27.64,93,100,3.44,US,2022-02-03 04:35:24,overcast clouds
494,Portland,45.5234,-122.6762,45.63,95,100,1.01,US,2022-02-03 04:32:07,moderate rain
495,Port Blair,11.6667,92.75,82.44,65,40,10.36,IN,2022-02-03 04:36:52,heavy intensity rain
496,Srednekolymsk,67.45,153.6833,-27.63,100,71,0.92,RU,2022-02-03 04:36:53,broken clouds
497,Kondinskoye,59.6481,67.41,12.16,95,86,8.95,RU,2022-02-03 04:36:53,overcast clouds
498,Tigil,57.8,158.6667,14.7,91,92,4.99,RU,2022-02-03 04:36:53,overcast clouds
499,Garni,40.1221,44.7312,23.67,71,90,4.59,AM,2022-02-03 04:36:53,overcast clouds
500,Owerri,5.4833,7.0304,73.92,84,18,2.21,NG,2022-02-03 04:36:54,few clouds
501,Valparaiso,-33.0393,-71.6273,56.84,82,0,5.75,CL,2022-02-03 04:35:35,clear sky
502,Vanimo,-2.6741,141.3028,82.69,73,76,5.77,PG,2022-02-03 04:36:54,broken clouds
503,Usakos,-22.0,15.6,64.53,63,41,2.3,NA,2022-02-03 04:36:54,scattered clouds
504,Belaya Gora,68.5333,146.4167,-28.21,100,32,0.54,RU,2022-02-03 04:36:55,scattered clouds
505,Gainesville,29.6516,-82.3248,64.11,73,0,8.05,US,2022-02-03 04:34:48,clear sky
506,Kaeo,-35.1,173.7833,75.33,82,94,10.02,NZ,2022-02-03 04:37:55,overcast clouds
507,Caucaia,-3.7361,-38.6531,80.55,79,40,6.91,BR,2022-02-03 04:34:12,scattered clouds
508,Mantua,45.1667,10.7833,47.44,90,2,1.99,IT,2022-02-03 04:37:56,clear sky
509,Ust-Kut,56.7938,105.7672,7.2,90,97,1.03,RU,2022-02-03 04:37:56,overcast clouds
510,Merrill,45.1805,-89.6835,3.15,66,0,0.0,US,2022-02-03 04:37:56,clear sky
511,Mandalgovi,45.7625,106.2708,9.95,59,0,13.24,MN,2022-02-03 04:37:57,clear sky
512,Sydney Mines,46.2367,-60.2177,33.17,85,100,7.0,CA,2022-02-03 04:37:57,overcast clouds
513,Tignere,7.3667,12.65,60.66,26,38,2.37,CM,2022-02-03 04:37:57,scattered clouds
514,Dasoguz,41.8363,59.9666,30.15,86,11,11.5,TM,2022-02-03 04:37:58,few clouds
515,Albury,-36.0833,146.9167,75.33,40,75,8.05,AU,2022-02-03 04:37:58,broken clouds
516,Lompoc,34.6391,-120.4579,54.01,48,0,3.44,US,2022-02-03 04:37:59,clear sky
517,Huilong,31.8111,121.655,46.04,55,70,10.4,CN,2022-02-03 04:37:59,broken clouds
518,Parabel,58.6978,81.4825,17.13,88,100,11.52,RU,2022-02-03 04:37:59,overcast clouds
519,Wladyslawowo,54.7909,18.4009,33.94,89,95,9.78,PL,2022-02-03 04:38:00,overcast clouds
520,Matara,5.9485,80.5353,84.72,56,7,3.15,LK,2022-02-03 04:38:00,very heavy rain
521,Bredy,52.4153,60.3411,15.69,90,79,9.44,RU,2022-02-03 04:38:00,broken clouds
522,Chernyshevskiy,63.0128,112.4714,-8.32,93,95,2.46,RU,2022-02-03 04:38:01,overcast clouds
523,Adrar,20.5022,-10.0711,61.25,17,0,10.67,MR,2022-02-03 04:38:01,clear sky
524,Yerofey Pavlovich,53.9667,121.9667,4.6,53,93,5.26,RU,2022-02-03 04:38:01,overcast clouds
525,Taicheng,38.731,113.228,28.06,16,24,5.75,CN,2022-02-03 04:38:02,few clouds
526,Busdi,8.2761,125.2514,73.72,72,96,3.38,PH,2022-02-03 04:38:02,overcast clouds
527,Lithakia,37.7167,20.8333,46.58,54,39,17.52,GR,2022-02-03 04:38:03,scattered clouds
528,Zaraza,9.3503,-65.3245,75.4,83,60,4.79,VE,2022-02-03 04:38:03,broken clouds
529,Almaznyy,48.0448,40.045,41.14,97,100,10.31,RU,2022-02-03 04:38:03,overcast clouds
530,Roald,62.5833,6.1333,35.33,74,75,18.41,NO,2022-02-03 04:38:04,broken clouds
531,Deputatskiy,69.3,139.9,-25.38,93,54,4.36,RU,2022-02-03 04:38:04,broken clouds
532,Sinazongwe,-17.2614,27.4618,74.48,83,5,2.62,ZM,2022-02-03 04:38:05,clear sky
533,Yuksekova,37.5736,44.2872,16.43,60,98,1.77,TR,2022-02-03 04:38:05,overcast clouds
534,Walvis Bay,-22.9575,14.5053,66.09,77,1,4.21,NA,2022-02-03 04:38:05,clear sky
535,Hasaki,35.7333,140.8333,53.89,36,100,6.62,JP,2022-02-03 04:33:53,overcast clouds
536,Buhe,30.2876,112.2298,46.8,40,82,2.21,CN,2022-02-03 04:38:06,broken clouds
537,Luocheng,29.3848,104.0286,48.76,61,25,3.94,CN,2022-02-03 04:38:06,scattered clouds
538,Bluffton,32.2371,-80.8604,57.27,92,100,0.0,US,2022-02-03 04:34:59,overcast clouds
539,La Maddalena,41.2142,9.4083,48.25,74,7,5.48,IT,2022-02-03 04:38:07,clear sky
540,Ngunguru,-35.6167,174.5,75.16,78,85,11.92,NZ,2022-02-03 04:38:07,overcast clouds
541,Najran,17.4924,44.1277,52.45,35,76,1.79,SA,2022-02-03 04:38:07,broken clouds
542,Tocopilla,-22.092,-70.1979,68.54,75,4,7.92,CL,2022-02-03 04:38:07,clear sky
543,Comodoro Rivadavia,-45.8667,-67.5,73.26,38,0,5.75,AR,2022-02-03 04:38:08,clear sky
544,Acari,-15.4311,-74.6158,72.43,80,25,3.42,PE,2022-02-03 04:38:08,scattered clouds
545,Nivala,63.9167,24.9667,-2.31,99,68,1.83,FI,2022-02-03 04:38:09,broken clouds
546,Totness,5.8833,-56.3167,76.57,81,4,9.75,SR,2022-02-03 04:38:09,clear sky
547,Vammala,61.3333,22.9,13.75,98,98,1.12,FI,2022-02-03 04:38:09,overcast clouds
548,Polovinnoye,54.7914,65.9864,16.12,95,76,9.6,RU,2022-02-03 04:38:10,broken clouds
549,Vestmanna,62.1564,-7.1664,34.72,93,100,21.85,FO,2022-02-03 04:39:10,snow
550,Shu,43.5983,73.7614,35.83,88,100,7.56,KZ,2022-02-03 04:39:10,overcast clouds
551,Puerto Escondido,15.85,-97.0667,74.48,78,0,5.46,MX,2022-02-03 04:39:11,clear sky
552,Peseux,46.987,6.889,40.15,99,40,0.0,CH,2022-02-03 04:39:11,fog
553,Evensk,61.95,159.2333,19.83,41,7,22.06,RU,2022-02-03 04:39:11,clear sky
554,Valer,60.6785,11.8331,15.3,98,83,2.3,NO,2022-02-03 04:39:12,broken clouds
555,Sinnamary,5.3833,-52.95,77.29,84,100,10.47,GF,2022-02-03 04:39:12,overcast clouds
556,Tambura,5.6,27.4667,71.13,27,60,2.77,SS,2022-02-03 04:39:12,broken clouds
557,Christchurch,-43.5333,172.6333,73.6,76,100,4.0,NZ,2022-02-03 04:39:13,overcast clouds
558,Tongliao,43.6125,122.2653,12.24,70,5,11.23,CN,2022-02-03 04:39:13,clear sky
559,Eyl,7.9803,49.8164,76.01,68,13,20.04,SO,2022-02-03 04:39:13,few clouds
560,Erenhot,43.6475,111.9767,6.71,71,5,5.86,CN,2022-02-03 04:39:14,clear sky
561,Maridi,4.9158,29.4742,72.77,29,93,2.77,SS,2022-02-03 04:39:14,overcast clouds
562,Lata,40.1629,-8.3327,44.71,78,96,3.04,PT,2022-02-03 04:39:14,overcast clouds
563,Borba,-4.3878,-59.5939,73.56,98,100,0.78,BR,2022-02-03 04:39:14,overcast clouds
564,Saint Anthony,45.0205,-93.218,0.25,63,0,4.0,US,2022-02-03 04:39:15,clear sky
565,La Fleche,47.6982,-0.0755,44.85,97,100,4.34,FR,2022-02-03 04:39:15,overcast clouds
566,Araure,9.5601,-69.2148,76.48,66,28,5.28,VE,2022-02-03 04:39:15,scattered clouds
567,Saint-Pierre,-21.3393,55.4781,83.88,51,100,31.07,RE,2022-02-03 04:39:16,overcast clouds
568,Oistins,13.0667,-59.5333,77.09,73,20,18.41,BB,2022-02-03 04:39:16,few clouds
569,Muros,42.7762,-9.0603,52.86,88,100,6.69,ES,2022-02-03 04:39:17,overcast clouds
570,Hajdunanas,47.85,21.4333,34.99,93,80,4.74,HU,2022-02-03 04:39:17,broken clouds
571,Belvedere Marittimo,39.6179,15.8617,41.54,62,0,11.97,IT,2022-02-03 04:39:17,clear sky
572,Neyshabur,36.2133,58.7958,40.93,38,0,0.34,IR,2022-02-03 04:39:18,clear sky
573,Sola,-13.8833,167.55,81.91,76,100,15.73,VU,2022-02-03 04:39:18,overcast clouds
574,Crotone,39.0851,17.1178,42.89,56,2,33.02,IT,2022-02-03 04:39:18,clear sky
575,Kamaishi,39.2667,141.8833,34.75,60,47,15.14,JP,2022-02-03 04:39:19,scattered clouds
576,San Ramon,37.7799,-121.978,55.29,44,0,0.0,US,2022-02-03 04:34:41,clear sky
577,Taft,31.7471,54.2088,37.35,45,0,6.91,IR,2022-02-03 04:39:19,clear sky
578,Waitati,-45.75,170.5667,58.8,89,100,3.69,NZ,2022-02-03 04:39:19,overcast clouds
579,Quebrada De Arena,15.7667,-85.9167,69.82,81,0,3.06,HN,2022-02-03 04:39:19,clear sky
580,Tongchuan,35.0806,109.0897,35.38,57,51,3.04,CN,2022-02-03 04:39:20,broken clouds
581,Naryan-Mar,67.6713,53.087,8.37,96,100,5.59,RU,2022-02-03 04:39:20,overcast clouds
582,Thinadhoo,0.5333,72.9333,82.35,70,5,6.33,MV,2022-02-03 04:39:20,very heavy rain
583,Aksum,14.1245,38.7244,59.52,57,61,3.42,ET,2022-02-03 04:39:21,broken clouds
584,Sinegorye,62.0788,150.477,-12.06,100,100,1.12,RU,2022-02-03 04:39:21,overcast clouds
585,West Plains,36.7281,-91.8524,23.52,91,100,8.99,US,2022-02-03 04:39:21,mist
586,Cardoso,-20.0819,-49.9142,70.45,95,92,5.44,BR,2022-02-03 04:39:22,overcast clouds
587,Jizan,17.3333,42.6667,76.14,69,89,1.16,SA,2022-02-03 04:39:22,overcast clouds
588,Caramay,10.1815,119.236,83.82,69,53,10.27,PH,2022-02-03 04:39:22,broken clouds
589,Domna,51.8971,113.1573,-4.97,76,16,2.24,RU,2022-02-03 04:39:23,few clouds
590,Chizhou,30.6578,117.4831,37.2,94,100,6.22,CN,2022-02-03 04:39:23,overcast clouds
591,George Town,5.4112,100.3354,91.33,73,40,1.01,MY,2022-02-03 04:36:04,heavy intensity rain
592,Ler,8.3018,30.1418,75.87,26,90,4.65,SS,2022-02-03 04:39:23,overcast clouds
593,Torbay,47.6666,-52.7314,26.28,89,75,13.8,CA,2022-02-03 04:35:34,broken clouds
594,Nioro,13.35,-15.75,70.92,72,9,5.77,GM,2022-02-03 04:39:24,clear sky
595,Sisimiut,66.9395,-53.6735,6.04,66,100,21.47,GL,2022-02-03 04:39:24,overcast clouds
596,Bismarck,46.8083,-100.7837,-6.74,75,0,6.91,US,2022-02-03 04:39:24,clear sky
597,Karema,-6.8205,30.4389,69.6,90,100,3.31,TZ,2022-02-03 04:40:25,light rain
598,Avera,33.194,-82.5271,58.71,97,100,6.4,US,2022-02-03 04:40:25,overcast clouds
599,Cobija,-11.0267,-68.7692,70.77,99,91,2.64,BO,2022-02-03 04:40:25,overcast clouds
600,Ust-Kuyga,70.0167,135.6,-27.96,98,68,6.06,RU,2022-02-03 04:40:26,broken clouds
601,Manado,1.487,124.8455,79.57,89,40,2.3,ID,2022-02-03 04:40:26,scattered clouds
602,Axim,4.8699,-2.2405,76.91,85,48,1.1,GH,2022-02-03 04:40:26,scattered clouds
603,Amanganj,24.4333,80.0333,76.12,29,0,12.97,IN,2022-02-03 04:40:27,clear sky
604,Bagdarin,54.4333,113.6,0.23,70,5,2.82,RU,2022-02-03 04:40:27,clear sky
605,Cabra,37.4725,-4.4421,49.89,47,73,3.22,ES,2022-02-03 04:40:27,broken clouds
606,Promyshlennyy,67.5833,63.9167,4.69,95,100,5.57,RU,2022-02-03 04:40:27,overcast clouds
607,Falmouth,50.1544,-5.0711,47.3,100,75,5.75,GB,2022-02-03 04:40:28,broken clouds
608,Huarmey,-10.0681,-78.1522,70.79,82,97,9.89,PE,2022-02-03 04:40:28,overcast clouds
609,Virginia Beach,36.8529,-75.978,42.04,96,0,0.0,US,2022-02-03 04:40:29,mist
610,Syamzha,60.0158,41.0614,13.86,96,99,4.92,RU,2022-02-03 04:40:29,overcast clouds
611,Arroio Grande,-32.2375,-53.0869,70.43,93,19,10.87,BR,2022-02-03 04:40:29,few clouds
612,Pucallpa,-8.3791,-74.5539,76.21,75,100,1.66,PE,2022-02-03 04:40:30,overcast clouds
613,Lamu,-2.2717,40.902,79.02,84,100,10.89,KE,2022-02-03 04:40:30,overcast clouds
614,Maroantsetra,-15.4333,49.7333,77.32,81,100,5.55,MG,2022-02-03 04:40:30,overcast clouds
615,Kapuskasing,49.4169,-82.4331,-11.11,70,0,4.61,CA,2022-02-03 04:40:30,clear sky
616,Alyangula,-13.8483,136.4192,89.47,62,100,9.22,AU,2022-02-03 04:36:18,overcast clouds
617,Ayna,-12.65,-73.9167,57.99,95,71,1.3,PE,2022-02-03 04:40:31,broken clouds
618,Kununurra,-15.7667,128.7333,89.58,58,96,12.66,AU,2022-02-03 04:40:31,overcast clouds
619,Bambanglipuro,-7.95,110.2833,86.81,60,29,9.19,ID,2022-02-03 04:40:32,light rain
620,Plettenberg Bay,-34.0527,23.3716,69.3,87,100,2.71,ZA,2022-02-03 04:40:32,overcast clouds
621,Betare Oya,5.6,14.0833,64.36,32,68,2.37,CM,2022-02-03 04:40:32,broken clouds
622,Manzanillo,20.3433,-77.1167,70.43,89,1,10.69,CU,2022-02-03 04:40:33,clear sky
623,Katobu,-4.9408,122.5276,85.1,63,100,5.3,ID,2022-02-03 04:40:33,overcast clouds
624,Mishkino,55.3389,63.9175,17.4,94,45,11.34,RU,2022-02-03 04:40:33,scattered clouds
625,Serowe,-22.3833,26.7167,72.52,68,88,5.84,BW,2022-02-03 04:40:33,overcast clouds
626,Akdepe,42.0551,59.3788,30.29,67,25,10.63,TM,2022-02-03 04:40:34,scattered clouds
627,Ambulu,-8.345,113.6058,87.37,60,5,6.8,ID,2022-02-03 04:40:34,clear sky
628,Ventspils,57.3894,21.5606,26.53,93,75,2.3,LV,2022-02-03 04:40:34,broken clouds
629,Espoo,60.25,24.6667,16.34,89,40,0.0,FI,2022-02-03 04:40:35,scattered clouds
630,Ketchikan,55.3422,-131.6461,37.38,93,100,5.75,US,2022-02-03 04:40:35,mist
631,San Angelo,31.4638,-100.437,26.82,89,100,4.0,US,2022-02-03 04:40:35,overcast clouds
632,Tarnogskiy Gorodok,60.4997,43.5761,15.13,96,95,5.21,RU,2022-02-03 04:40:36,overcast clouds
633,Semirom,31.4167,51.5667,27.81,37,1,2.86,IR,2022-02-03 04:40:36,clear sky
634,San Rafael,-34.6177,-68.3301,68.67,71,82,11.45,AR,2022-02-03 04:40:36,broken clouds
635,Chara,56.9064,118.2631,-13.13,91,66,1.59,RU,2022-02-03 04:40:37,broken clouds
636,Tigre,-34.426,-58.5796,76.21,74,0,14.97,AR,2022-02-03 04:40:37,clear sky
637,Rabo De Peixe,37.8,-25.5833,59.27,95,20,8.05,PT,2022-02-03 04:40:37,few clouds
638,Mareeba,-17.0,145.4333,88.52,92,100,7.11,AU,2022-02-03 04:40:38,overcast clouds
639,Zhanaozen,43.3,52.8,40.77,60,56,18.81,KZ,2022-02-03 04:41:38,broken clouds
640,Kui Buri,12.0828,99.8543,84.2,53,22,8.93,TH,2022-02-03 04:41:38,moderate rain
641,Birjand,32.8663,59.2211,30.67,74,0,4.61,IR,2022-02-03 04:41:39,clear sky
642,Jaleswar,26.6471,85.8008,70.32,42,62,12.03,NP,2022-02-03 04:41:39,broken clouds
643,Yakeshi,49.2833,120.7333,-10.55,91,97,6.91,CN,2022-02-03 04:41:39,overcast clouds
644,Port Lincoln,-34.7333,135.8667,67.6,55,20,16.11,AU,2022-02-03 04:41:40,few clouds
645,Toamasina,-18.1667,49.3833,78.8,65,20,10.36,MG,2022-02-03 04:41:40,few clouds
646,Igrim,63.1906,64.4162,-8.86,100,73,2.51,RU,2022-02-03 04:41:40,broken clouds
647,Manokwari,-0.8667,134.0833,80.73,76,79,6.24,ID,2022-02-03 04:41:41,broken clouds
648,Belem,-1.4558,-48.5044,77.04,88,0,5.75,BR,2022-02-03 04:41:41,clear sky
649,Hovd,48.0056,91.6419,-0.33,93,92,3.65,MN,2022-02-03 04:41:41,overcast clouds
650,Laredo,27.5064,-99.5075,62.6,77,100,19.57,US,2022-02-03 04:41:42,overcast clouds
651,Manavgat,36.7867,31.4431,61.21,74,100,27.78,TR,2022-02-03 04:41:42,overcast clouds
652,Staryy Nadym,65.6118,72.6842,11.73,95,100,7.45,RU,2022-02-03 04:41:42,light snow
653,Shiyan,32.6475,110.7781,45.55,37,100,4.9,CN,2022-02-03 04:41:43,overcast clouds
654,Shunyi,40.125,116.6453,35.55,18,0,8.95,CN,2022-02-03 04:39:08,clear sky
655,Barinitas,8.7622,-70.4111,76.48,49,66,4.43,VE,2022-02-03 04:41:43,broken clouds
656,San Andres,12.5847,-81.7006,80.62,78,20,10.36,CO,2022-02-03 04:41:43,few clouds
657,Kabo,7.6994,18.629,66.52,21,69,4.7,CF,2022-02-03 04:41:44,broken clouds
658,Nikki,9.9401,3.2108,65.53,12,79,5.32,BJ,2022-02-03 04:41:44,broken clouds
659,Ayagoz,47.9714,80.4392,5.83,81,100,6.85,KZ,2022-02-03 04:41:44,overcast clouds
660,Balaipungut,1.05,101.2833,84.61,62,55,3.36,ID,2022-02-03 04:41:45,broken clouds
661,Presidencia Roque Saenz Pena,-26.7852,-60.4388,84.97,33,94,4.45,AR,2022-02-03 04:41:45,overcast clouds
662,Izhma,65.0083,53.9113,15.12,97,100,3.85,RU,2022-02-03 04:41:45,overcast clouds
663,Dawson Creek,55.7666,-120.2362,-0.76,78,40,9.22,CA,2022-02-03 04:41:46,scattered clouds
664,Jenison,42.9072,-85.792,22.44,81,100,5.99,US,2022-02-03 04:41:46,overcast clouds
665,Jining,35.405,116.5814,44.6,28,50,4.27,CN,2022-02-03 04:41:46,scattered clouds
666,Jardim,-21.4803,-56.1381,71.78,97,31,4.25,BR,2022-02-03 04:41:46,scattered clouds
667,Harper,4.375,-7.7169,77.07,83,8,0.58,LR,2022-02-03 04:38:12,light rain
668,Never,46.9896,3.159,38.95,99,98,4.63,FR,2022-02-03 04:41:47,overcast clouds
669,Coxim,-18.5067,-54.76,73.29,94,100,4.34,BR,2022-02-03 04:40:13,overcast clouds
670,Thio,-21.6167,166.2167,89.56,67,4,5.97,NC,2022-02-03 04:41:47,clear sky
671,Gumdag,39.2061,54.5906,45.55,47,3,14.38,TM,2022-02-03 04:41:48,clear sky
672,Palauig,15.435,119.9045,83.03,66,13,6.46,PH,2022-02-03 04:41:48,few clouds
673,Khandagayty,50.7333,92.05,-8.32,88,94,3.36,RU,2022-02-03 04:41:48,overcast clouds
674,Rudnogorsk,57.2639,103.7519,1.85,92,99,2.68,RU,2022-02-03 04:41:49,overcast clouds
675,Tlapacoyan,19.9667,-97.2167,69.85,65,0,5.77,MX,2022-02-03 04:41:49,clear sky
676,Guerrero Negro,27.9769,-114.0611,57.76,29,0,11.97,MX,2022-02-03 04:41:49,clear sky
677,Bull Savanna,17.8868,-77.5902,71.2,85,5,5.64,JM,2022-02-03 04:41:49,clear sky
678,Buluang,13.3068,123.3425,81.45,77,70,4.79,PH,2022-02-03 04:41:50,broken clouds
679,Karaton,-6.3424,106.1045,84.36,62,56,4.99,ID,2022-02-03 04:41:50,broken clouds
680,Half Moon Bay,37.4636,-122.4286,56.75,58,100,0.0,US,2022-02-03 04:41:50,overcast clouds
681,Vondrozo,-22.8167,47.2833,71.65,74,20,3.31,MG,2022-02-03 04:41:51,few clouds
682,Chibombo,-14.6569,28.0706,65.32,97,99,3.44,ZM,2022-02-03 04:41:51,overcast clouds
683,Qujing,25.4833,103.7833,43.81,90,100,10.25,CN,2022-02-03 04:39:08,overcast clouds
684,Tuatapere,-46.1333,167.6833,57.81,63,100,9.35,NZ,2022-02-03 04:41:51,overcast clouds
685,San Carlos De Bariloche,-41.1456,-71.3082,60.55,72,0,9.22,AR,2022-02-03 04:41:52,clear sky
686,Long,18.0761,99.8326,91.6,31,24,2.04,TH,2022-02-03 04:41:52,few clouds
687,Wilmington,34.2257,-77.9447,53.91,85,75,5.75,US,2022-02-03 04:40:40,broken clouds
688,Wilkes-Barre,41.2459,-75.8813,42.42,88,100,5.01,US,2022-02-03 04:40:04,overcast clouds
689,Ewa Beach,21.3156,-158.0072,78.75,62,75,8.05,US,2022-02-03 04:42:53,broken clouds
690,Czluchow,53.6672,17.3588,29.14,95,83,7.99,PL,2022-02-03 04:42:53,light snow
691,Parfino,57.9731,31.6481,14.59,98,100,1.3,RU,2022-02-03 04:42:53,overcast clouds
692,Neka,36.6508,53.299,40.42,75,0,2.3,IR,2022-02-03 04:42:53,clear sky
693,Selishche,56.8879,33.2691,3.94,100,94,1.74,RU,2022-02-03 04:42:54,overcast clouds
694,Palu,-0.8917,119.8707,88.0,61,100,3.98,ID,2022-02-03 04:42:54,overcast clouds
695,Susaki,33.3667,133.2833,50.07,34,100,2.57,JP,2022-02-03 04:42:54,overcast clouds
696,Alexandria,31.2156,29.9553,53.98,54,43,14.32,EG,2022-02-03 04:39:24,scattered clouds
697,Reporoa,-38.4333,176.35,77.41,53,96,5.68,NZ,2022-02-03 04:40:35,overcast clouds
698,Buala,-8.145,159.5921,78.64,88,100,13.53,SB,2022-02-03 04:42:55,light rain
